,UTC_time_dt,local_time_dt,Sender_email,Subject
4,2025-01-06 02:43:05,2025-01-05 18:43:06,theory11 <support@theory11.com>,Holiday Contest at theory11 - Free Entry
5,2025-01-05 02:25:03,2025-01-04 18:25:06,theory11 <support@theory11.com>,Holiday Contest at theory11 - Free Entry
22,2024-04-24 14:12:49,2024-04-24 07:12:55,theory11 <support@theory11.com>,Eleven of Spades Contest at theory11 - Free Entry
26,2024-02-29 06:53:40,2024-02-28 22:53:41,theory11 <support@theory11.com>,Eleven of Spades Contest at theory11 - Free Entry
42,2024-02-22 21:53:07,2024-02-22 13:53:09,theory11 <support@theory11.com>,Eleven of Spades Contest at theory11 - Free Entry
46,2024-02-19 17:47:14,2024-02-19 09:47:15,theory11 <support@theory11.com>,Eleven of Spades Contest at theory11 - Free Entry
54,2024-04-25 14:17:08,2024-04-25 07:17:11,theory11 <support@theory11.com>,Eleven of Spades Contest at theory11 - Free Entry
66,2024-01-06 06:07:35,2024-01-05 22:07:37,theory11 <support@theory11.com>,Eleven of Spades Contest at theory11 - Free Entry
78,2024-04-23 00:51:14,2024-04-22 17:51:55,theory11 <support@theory11.com>,Eleven of Spades Contest at theory11 - Free Entry
82,2024-01-16 15:12:04,2024-01-16 07:12:05,theory11 <support@theory11.com>,Eleven of Spades Contest at theory11 - Free Entry
93,2024-04-09 23:07:12,2024-04-09 16:07:31,theory11 <support@theory11.com>,Eleven of Spades Contest at theory11 - Free Entry
95,2025-01-08 15:58:33,2025-01-08 07:58:41,theory11 <support@theory11.com>,Holiday Contest at theory11 - Free Entry
106,2024-02-24 23:05:35,2024-02-24 15:05:36,theory11 <support@theory11.com>,Eleven of Spades Contest at theory11 - Free Entry
107,2024-02-02 16:54:56,2024-02-02 08:55:00,theory11 <support@theory11.com>,Eleven of Spades Contest at theory11 - Free Entry
111,2024-04-10 23:07:40,2024-04-10 16:07:54,theory11 <support@theory11.com>,Eleven of Spades Contest at theory11 - Free Entry
115,2024-03-22 04:44:13,2024-03-21 21:44:14,theory11 <support@theory11.com>,Eleven of Spades Contest at theory11 - Free Entry
117,2024-03-15 15:27:00,2024-03-15 08:27:01,theory11 <support@theory11.com>,Eleven of Spades Contest at theory11 - Free Entry
119,2024-04-01 14:05:36,2024-04-01 07:05:38,theory11 <support@theory11.com>,Eleven of Spades Contest at theory11 - Free Entry
121,2024-02-04 18:13:04,2024-02-04 10:13:06,theory11 <support@theory11.com>,Eleven of Spades Contest at theory11 - Free Entry
141,2024-01-27 18:28:51,2024-01-27 10:28:52,theory11 <support@theory11.com>,Eleven of Spades Contest at theory11 - Free Entry
142,2024-04-27 17:31:40,2024-04-27 10:31:43,theory11 <support@theory11.com>,Eleven of Spades Contest at theory11 - Free Entry
160,2024-04-02 14:23:24,2024-04-02 07:23:40,theory11 <support@theory11.com>,Eleven of Spades Contest at theory11 - Free Entry
165,2024-04-05 14:30:01,2024-04-05 07:30:15,theory11 <support@theory11.com>,Eleven of Spades Contest at theory11 - Free Entry
187,2024-02-20 19:02:55,2024-02-20 11:02:59,theory11 <support@theory11.com>,Eleven of Spades Contest at theory11 - Free Entry
188,2024-03-04 18:04:50,2024-03-04 10:05:15,theory11 <support@theory11.com>,Eleven of Spades Contest at theory11 - Free Entry
202,2024-04-16 17:27:48,2024-04-16 10:27:52,theory11 <support@theory11.com>,Eleven of Spades Contest at theory11 - Free Entry
203,2024-12-30 20:45:45,2024-12-30 12:45:46,theory11 <support@theory11.com>,Holiday Contest at theory11 - Free Entry
213,2024-02-21 20:56:12,2024-02-21 12:56:19,theory11 <support@theory11.com>,Eleven of Spades Contest at theory11 - Free Entry
214,2024-04-03 14:28:02,2024-04-03 07:28:03,theory11 <support@theory11.com>,Eleven of Spades Contest at theory11 - Free Entry
225,2025-01-19 06:57:37,2025-01-18 22:57:38,theory11 <support@theory11.com>,Holiday Contest at theory11 - Free Entry
227,2024-02-16 02:14:44,2024-02-15 18:14:48,theory11 <support@theory11.com>,Eleven of Spades Contest at theory11 - Free Entry
235,2024-01-22 16:31:40,2024-01-22 08:31:42,theory11 <support@theory11.com>,Eleven of Spades Contest at theory11 - Free Entry
237,2024-01-15 15:11:48,2024-01-15 07:11:50,theory11 <support@theory11.com>,Eleven of Spades Contest at theory11 - Free Entry
256,2024-03-19 17:40:54,2024-03-19 10:41:07,theory11 <support@theory11.com>,Eleven of Spades Contest at theory11 - Free Entry
258,2024-02-14 23:46:49,2024-02-14 15:46:52,theory11 <support@theory11.com>,Eleven of Spades Contest at theory11 - Free Entry
264,2023-12-28 19:42:17,2023-12-28 11:42:18,theory11 <support@theory11.com>,Eleven of Spades Contest at theory11 - Free Entry
265,2024-04-08 23:02:23,2024-04-08 16:02:45,theory11 <support@theory11.com>,Eleven of Spades Contest at theory11 - Free Entry
266,2023-12-24 19:25:08,2023-12-24 11:25:09,theory11 <support@theory11.com>,Eleven of Spades Contest at theory11 - Free Entry
267,2024-03-10 04:24:40,2024-03-09 20:24:41,theory11 <support@theory11.com>,Eleven of Spades Contest at theory11 - Free Entry
285,2023-12-23 18:41:15,2023-12-23 10:41:20,theory11 <support@theory11.com>,Eleven of Spades Contest at theory11 - Free Entry
286,2024-01-10 15:02:57,2024-01-10 07:02:59,theory11 <support@theory11.com>,Eleven of Spades Contest at theory11 - Free Entry
296,2024-05-04 01:32:28,2024-05-03 18:32:29,theory11 <support@theory11.com>,Eleven of Spades Contest at theory11 - Free Entry
312,2024-03-27 19:41:06,2024-03-27 12:41:07,theory11 <support@theory11.com>,Eleven of Spades Contest at theory11 - Free Entry
319,2025-01-13 06:38:50,2025-01-12 22:38:51,theory11 <support@theory11.com>,Holiday Contest at theory11 - Free Entry
360,2025-01-20 07:07:04,2025-01-19 23:07:11,theory11 <support@theory11.com>,Holiday Contest at theory11 - Free Entry
380,2024-01-08 06:14:43,2024-01-07 22:14:44,theory11 <support@theory11.com>,Eleven of Spades Contest at theory11 - Free Entry
398,2023-12-27 19:39:12,2023-12-27 11:39:18,theory11 <support@theory11.com>,Eleven of Spades Contest at theory11 - Free Entry
404,2024-01-13 15:04:51,2024-01-13 07:04:52,theory11 <support@theory11.com>,Eleven of Spades Contest at theory11 - Free Entry
405,2024-03-21 02:36:06,2024-03-20 19:36:07,theory11 <support@theory11.com>,Eleven of Spades Contest at theory11 - Free Entry
420,2024-02-05 18:17:56,2024-02-05 10:17:57,theory11 <support@theory11.com>,Eleven of Spades Contest at theory11 - Free Entry
458,2024-12-28 20:45:17,2024-12-28 12:45:18,theory11 <support@theory11.com>,Holiday Contest at theory11 - Free Entry
464,2024-03-23 05:14:33,2024-03-22 22:14:35,theory11 <support@theory11.com>,Eleven of Spades Contest at theory11 - Free Entry
480,2024-02-26 23:38:58,2024-02-26 15:39:01,theory11 <support@theory11.com>,Eleven of Spades Contest at theory11 - Free Entry
511,2025-01-10 01:50:45,2025-01-09 17:50:47,theory11 <support@theory11.com>,Holiday Contest at theory11 - Free Entry
531,2024-02-09 19:41:14,2024-02-09 11:41:16,theory11 <support@theory11.com>,Eleven of Spades Contest at theory11 - Free Entry
550,2024-02-23 21:53:34,2024-02-23 13:53:35,theory11 <support@theory11.com>,Eleven of Spades Contest at theory11 - Free Entry
560,2024-02-13 22:59:01,2024-02-13 14:59:02,theory11 <support@theory11.com>,Eleven of Spades Contest at theory11 - Free Entry
590,2024-02-08 19:07:06,2024-02-08 11:07:09,theory11 <support@theory11.com>,Eleven of Spades Contest at theory11 - Free Entry
617,2024-05-05 01:41:59,2024-05-04 18:42:00,theory11 <support@theory11.com>,Eleven of Spades Contest at theory11 - Free Entry
623,2024-03-14 15:20:59,2024-03-14 08:21:18,theory11 <support@theory11.com>,Eleven of Spades Contest at theory11 - Free Entry
646,2024-01-23 16:36:43,2024-01-23 08:36:46,theory11 <support@theory11.com>,Eleven of Spades Contest at theory11 - Free Entry
651,2025-01-25 17:54:25,2025-01-25 09:55:01,theory11 <support@theory11.com>,Holiday Contest at theory11 - Free Entry
671,2024-04-17 17:44:23,2024-04-17 10:44:24,theory11 <support@theory11.com>,Eleven of Spades Contest at theory11 - Free Entry
677,2024-01-26 17:57:47,2024-01-26 09:57:48,theory11 <support@theory11.com>,Eleven of Spades Contest at theory11 - Free Entry
678,2024-03-13 14:42:09,2024-03-13 07:42:14,theory11 <support@theory11.com>,Eleven of Spades Contest at theory11 - Free Entry
686,2024-03-30 00:45:09,2024-03-29 17:45:11,theory11 <support@theory11.com>,Eleven of Spades Contest at theory11 - Free Entry
688,2024-03-11 03:28:25,2024-03-10 20:28:26,theory11 <support@theory11.com>,Eleven of Spades Contest at theory11 - Free Entry
714,2024-04-04 14:29:30,2024-04-04 07:29:44,theory11 <support@theory11.com>,Eleven of Spades Contest at theory11 - Free Entry
738,2024-01-12 15:04:29,2024-01-12 07:04:31,theory11 <support@theory11.com>,Eleven of Spades Contest at theory11 - Free Entry
780,2023-12-26 19:35:52,2023-12-26 11:35:59,theory11 <support@theory11.com>,Eleven of Spades Contest at theory11 - Free Entry
785,2024-01-05 06:06:40,2024-01-04 22:06:40,theory11 <support@theory11.com>,Eleven of Spades Contest at theory11 - Free Entry
802,2024-04-18 18:27:11,2024-04-18 11:27:33,theory11 <support@theory11.com>,Eleven of Spades Contest at theory11 - Free Entry
839,2025-01-16 06:46:11,2025-01-15 22:46:14,theory11 <support@theory11.com>,Holiday Contest at theory11 - Free Entry
865,2024-04-29 19:10:04,2024-04-29 12:10:20,theory11 <support@theory11.com>,Eleven of Spades Contest at theory11 - Free Entry
866,2024-03-25 19:05:58,2024-03-25 12:06:03,theory11 <support@theory11.com>,Eleven of Spades Contest at theory11 - Free Entry
873,2023-12-25 19:34:08,2023-12-25 11:34:09,theory11 <support@theory11.com>,Eleven of Spades Contest at theory11 - Free Entry
882,2025-01-24 16:46:39,2025-01-24 08:46:47,theory11 <support@theory11.com>,Holiday Contest at theory11 - Free Entry
898,2024-02-17 03:53:47,2024-02-16 19:53:49,theory11 <support@theory11.com>,Eleven of Spades Contest at theory11 - Free Entry
917,2024-01-17 15:12:19,2024-01-17 07:12:21,theory11 <support@theory11.com>,Eleven of Spades Contest at theory11 - Free Entry
948,2025-01-14 06:43:27,2025-01-13 22:43:28,theory11 <support@theory11.com>,Holiday Contest at theory11 - Free Entry
976,2025-01-18 06:46:20,2025-01-17 22:46:26,theory11 <support@theory11.com>,Holiday Contest at theory11 - Free Entry
1017,2024-01-24 17:38:21,2024-01-24 09:38:25,theory11 <support@theory11.com>,Eleven of Spades Contest at theory11 - Free Entry
1051,2025-01-17 06:46:19,2025-01-16 22:46:20,theory11 <support@theory11.com>,Holiday Contest at theory11 - Free Entry
1058,2024-01-14 15:09:42,2024-01-14 07:22:03,theory11 <support@theory11.com>,Eleven of Spades Contest at theory11 - Free Entry
1063,2024-04-06 19:10:45,2024-04-06 12:10:51,theory11 <support@theory11.com>,Eleven of Spades Contest at theory11 - Free Entry
1154,2024-01-04 06:06:12,2024-01-03 22:06:13,theory11 <support@theory11.com>,Eleven of Spades Contest at theory11 - Free Entry
1165,2024-01-09 15:02:35,2024-01-09 07:02:47,theory11 <support@theory11.com>,Eleven of Spades Contest at theory11 - Free Entry
1177,2024-04-30 20:00:51,2024-04-30 13:01:12,theory11 <support@theory11.com>,Eleven of Spades Contest at theory11 - Free Entry
1202,2024-03-28 21:44:24,2024-03-28 14:44:38,theory11 <support@theory11.com>,Eleven of Spades Contest at theory11 - Free Entry
1251,2024-03-06 19:38:48,2024-03-06 11:38:49,theory11 <support@theory11.com>,Eleven of Spades Contest at theory11 - Free Entry
1295,2024-01-11 15:04:20,2024-01-11 07:04:27,theory11 <support@theory11.com>,Eleven of Spades Contest at theory11 - Free Entry
1340,2024-12-27 19:42:17,2024-12-27 11:42:17,theory11 <support@theory11.com>,Holiday Contest at theory11 - Free Entry
1341,2024-01-28 18:29:45,2024-01-28 10:29:46,theory11 <support@theory11.com>,Eleven of Spades Contest at theory11 - Free Entry
1342,2021-12-11 05:26:43,2021-12-10 21:26:47,theory11 <support@theory11.com>,Your free spin | Holiday Contest at theory11 (#afebc)
1357,2024-04-21 18:48:21,2024-04-21 11:48:23,theory11 <support@theory11.com>,Eleven of Spades Contest at theory11 - Free Entry
1374,2024-03-16 16:29:12,2024-03-16 09:29:15,theory11 <support@theory11.com>,Eleven of Spades Contest at theory11 - Free Entry
1391,2024-03-07 19:39:29,2024-03-07 11:39:41,theory11 <support@theory11.com>,Eleven of Spades Contest at theory11 - Free Entry
1406,2024-01-30 15:27:38,2024-01-30 07:27:39,theory11 <support@theory11.com>,Eleven of Spades Contest at theory11 - Free Entry
1447,2021-12-10 05:56:42,2021-12-09 21:56:43,theory11 <support@theory11.com>,Your free spin | Holiday Contest at theory11 (#42eeb)
1473,2024-01-19 15:13:50,2024-01-19 07:13:55,theory11 <support@theory11.com>,Eleven of Spades Contest at theory11 - Free Entry
1606,2025-01-04 02:14:32,2025-01-03 18:14:33,theory11 <support@theory11.com>,Holiday Contest at theory11 - Free Entry
1608,2024-03-18 17:24:56,2024-03-18 10:25:04,theory11 <support@theory11.com>,Eleven of Spades Contest at theory11 - Free Entry
1634,2024-04-15 15:43:24,2024-04-15 08:43:26,theory11 <support@theory11.com>,Eleven of Spades Contest at theory11 - Free Entry
1643,2024-04-12 04:02:36,2024-04-11 21:02:38,theory11 <support@theory11.com>,Eleven of Spades Contest at theory11 - Free Entry
1648,2024-02-10 19:41:26,2024-02-10 11:41:27,theory11 <support@theory11.com>,Eleven of Spades Contest at theory11 - Free Entry
1659,2024-05-03 00:33:04,2024-05-02 17:33:09,theory11 <support@theory11.com>,Eleven of Spades Contest at theory11 - Free Entry
1672,2024-03-08 22:21:28,2024-03-08 14:21:37,theory11 <support@theory11.com>,Eleven of Spades Contest at theory11 - Free Entry
1696,2024-01-07 06:13:37,2024-01-06 22:13:38,theory11 <support@theory11.com>,Eleven of Spades Contest at theory11 - Free Entry
1706,2024-04-13 08:57:58,2024-04-13 01:57:59,theory11 <support@theory11.com>,Eleven of Spades Contest at theory11 - Free Entry
1731,2025-01-07 02:54:26,2025-01-06 18:54:27,theory11 <support@theory11.com>,Holiday Contest at theory11 - Free Entry
1735,2025-01-21 07:07:16,2025-01-20 23:07:17,theory11 <support@theory11.com>,Holiday Contest at theory11 - Free Entry
1818,2024-04-14 15:43:00,2024-04-14 08:43:07,theory11 <support@theory11.com>,Eleven of Spades Contest at theory11 - Free Entry
1838,2024-03-26 19:38:49,2024-03-26 12:39:01,theory11 <support@theory11.com>,Eleven of Spades Contest at theory11 - Free Entry
1956,2020-12-26 00:37:46,2020-12-25 16:37:46,theory11 <support@theory11.com>,Your free spin | Holiday Contest at theory11 (#5f247)
1962,2020-12-30 00:48:36,2020-12-29 16:48:38,theory11 <support@theory11.com>,Your free spin | Holiday Contest at theory11 (#056d4)
1965,2021-01-01 01:35:50,2020-12-31 17:35:50,theory11 <support@theory11.com>,Your free spin | Holiday Contest at theory11 (#0dc0c)
1967,2020-12-22 00:36:27,2020-12-21 16:36:28,theory11 <support@theory11.com>,Your free spin | Holiday Contest at theory11 (#04810)
1977,2024-03-02 15:32:36,2024-03-02 07:33:00,theory11 <support@theory11.com>,Eleven of Spades Contest at theory11 - Free Entry
2015,2025-01-22 07:08:08,2025-01-21 23:08:09,theory11 <support@theory11.com>,Holiday Contest at theory11 - Free Entry
2044,2020-12-24 00:36:35,2020-12-23 16:36:35,theory11 <support@theory11.com>,Your free spin | Holiday Contest at theory11 (#12f86)
2072,2024-02-03 18:04:22,2024-02-03 10:04:25,theory11 <support@theory11.com>,Eleven of Spades Contest at theory11 - Free Entry
2073,2020-12-31 01:35:41,2020-12-30 17:35:42,theory11 <support@theory11.com>,Your free spin | Holiday Contest at theory11 (#c141a)
2078,2020-12-21 00:35:49,2020-12-20 16:35:50,theory11 <support@theory11.com>,Your free spin | Holiday Contest at theory11 (#fd359)
2085,2020-12-10 00:30:16,2020-12-09 16:30:16,theory11 <support@theory11.com>,Your free spin | Holiday Contest at theory11 (#f54c7)
2166,2024-01-03 03:54:41,2024-01-02 19:54:42,theory11 <support@theory11.com>,Eleven of Spades Contest at theory11 - Free Entry
2177,2024-03-01 15:09:06,2024-03-01 07:09:07,theory11 <support@theory11.com>,Eleven of Spades Contest at theory11 - Free Entry
2182,2024-02-07 18:45:54,2024-02-07 10:45:56,theory11 <support@theory11.com>,Eleven of Spades Contest at theory11 - Free Entry
2204,2024-01-01 01:15:23,2023-12-31 17:15:28,theory11 <support@theory11.com>,Eleven of Spades Contest at theory11 - Free Entry
2205,2021-12-07 20:59:05,2021-12-07 12:59:06,theory11 <support@theory11.com>,Your free spin | Holiday Contest at theory11 (#70e6c)
2253,2024-01-18 15:12:50,2024-01-18 07:12:51,theory11 <support@theory11.com>,Eleven of Spades Contest at theory11 - Free Entry
2270,2024-04-28 17:35:10,2024-04-28 10:35:11,theory11 <support@theory11.com>,Eleven of Spades Contest at theory11 - Free Entry
2314,2020-12-09 00:12:14,2020-12-08 16:12:14,theory11 <support@theory11.com>,Your free spin | Holiday Contest at theory11 (#4de30)
2354,2020-12-19 00:32:43,2020-12-18 16:32:44,theory11 <support@theory11.com>,Your free spin | Holiday Contest at theory11 (#cf90e)
2355,2020-12-23 00:36:30,2020-12-22 16:36:31,theory11 <support@theory11.com>,Your free spin | Holiday Contest at theory11 (#98fbe)
2356,2020-12-17 00:32:33,2020-12-16 16:32:34,theory11 <support@theory11.com>,Your free spin | Holiday Contest at theory11 (#7ac02)
2483,2021-12-09 02:39:50,2021-12-08 18:39:50,theory11 <support@theory11.com>,Your free spin | Holiday Contest at theory11 (#8b608)
2488,2020-12-11 00:30:26,2020-12-10 16:30:26,theory11 <support@theory11.com>,Your free spin | Holiday Contest at theory11 (#2c845)
2513,2024-04-20 18:46:04,2024-04-20 11:46:06,theory11 <support@theory11.com>,Eleven of Spades Contest at theory11 - Free Entry
2596,2025-01-01 21:21:59,2025-01-01 13:22:00,theory11 <support@theory11.com>,Holiday Contest at theory11 - Free Entry
2607,2024-02-18 08:10:10,2024-02-18 00:10:11,theory11 <support@theory11.com>,Eleven of Spades Contest at theory11 - Free Entry
2618,2020-01-01 08:05:05,2020-01-01 00:05:06,theory11 <support@theory11.com>,Your free spin | Holiday Contest at theory11 (#bf0fa)
2638,2019-12-28 08:05:02,2019-12-28 00:05:06,theory11 <support@theory11.com>,Your free spin | Holiday Contest at theory11 (#91491)
2661,2020-12-15 00:32:32,2020-12-14 16:32:33,theory11 <support@theory11.com>,Your free spin | Holiday Contest at theory11 (#bbe0a)
2670,2019-12-29 08:01:56,2019-12-29 00:02:04,theory11 <support@theory11.com>,Your free spin | Holiday Contest at theory11 (#d7c71)
2681,2024-12-31 20:55:27,2024-12-31 12:55:31,theory11 <support@theory11.com>,Holiday Contest at theory11 - Free Entry
2698,2019-12-24 06:33:34,2019-12-23 22:33:35,theory11 <support@theory11.com>,Your free spin | Holiday Contest at theory11 (#1404c)
2711,2019-12-13 19:59:01,2019-12-13 11:59:02,theory11 <support@theory11.com>,Your free spin | Holiday Contest at theory11 (#1a483)
2741,2019-12-25 07:30:04,2019-12-24 23:30:05,theory11 <support@theory11.com>,Your free spin | Holiday Contest at theory11 (#aacb6)
2752,2019-12-26 07:30:03,2019-12-25 23:30:04,theory11 <support@theory11.com>,Your free spin | Holiday Contest at theory11 (#114aa)
2758,2019-12-19 21:56:59,2019-12-19 13:57:00,theory11 <support@theory11.com>,Your free spin | Holiday Contest at theory11 (#c39d3)
2762,2019-12-16 21:00:04,2019-12-16 13:00:05,theory11 <support@theory11.com>,Your free spin | Holiday Contest at theory11 (#9681e)
2784,2019-12-11 17:25:04,2019-12-11 09:25:05,theory11 <support@theory11.com>,Your free spin | Holiday Contest at theory11 (#6752e)
2806,2019-12-18 21:47:09,2019-12-18 13:47:09,theory11 <support@theory11.com>,Your free spin | Holiday Contest at theory11 (#8fb74)
2809,2019-12-23 02:15:03,2019-12-22 18:16:08,theory11 <support@theory11.com>,Your free spin | Holiday Contest at theory11 (#b6513)
2818,2023-12-31 00:21:33,2023-12-30 16:21:34,theory11 <support@theory11.com>,Eleven of Spades Contest at theory11 - Free Entry
2830,2019-12-15 20:56:56,2019-12-15 12:56:56,theory11 <support@theory11.com>,Your free spin | Holiday Contest at theory11 (#a4cf0)
2842,2020-12-05 05:46:37,2020-12-04 21:46:37,theory11 <support@theory11.com>,Your free spin | Holiday Contest at theory11 (#dfe5e)
2858,2020-12-14 00:32:30,2020-12-13 16:32:31,theory11 <support@theory11.com>,Your free spin | Holiday Contest at theory11 (#3031d)
2866,2020-12-28 00:37:50,2020-12-27 16:37:51,theory11 <support@theory11.com>,Your free spin | Holiday Contest at theory11 (#94d18)
2869,2023-12-30 00:17:20,2023-12-29 16:17:21,theory11 <support@theory11.com>,Eleven of Spades Contest at theory11 - Free Entry
2875,2020-12-12 00:30:29,2020-12-11 16:30:29,theory11 <support@theory11.com>,Your free spin | Holiday Contest at theory11 (#008da)
3007,2019-12-14 19:59:04,2019-12-14 11:59:04,theory11 <support@theory11.com>,Your free spin | Holiday Contest at theory11 (#2844e)
3089,2018-12-10 16:15:02,2018-12-10 08:15:03,theory11 <support@theory11.com>,Your free spin | Holiday Contest at theory11 (#836f9)
3138,2018-12-11 16:15:05,2018-12-11 08:15:11,theory11 <support@theory11.com>,Your free spin | Holiday Contest at theory11 (#c06aa)
3144,2019-01-02 08:25:03,2019-01-02 00:25:04,theory11 <support@theory11.com>,Your free spin | Holiday Contest at theory11 (#aa02c)
3161,2018-12-19 04:59:59,2018-12-18 20:59:59,theory11 <support@theory11.com>,Your free spin | Holiday Contest at theory11 (#73975)
3173,2024-01-25 17:44:58,2024-01-25 09:44:59,theory11 <support@theory11.com>,Eleven of Spades Contest at theory11 - Free Entry
3186,2018-12-14 16:15:41,2018-12-14 08:15:41,theory11 <support@theory11.com>,Your free spin | Holiday Contest at theory11 (#cd3b8)
3200,2018-12-30 06:40:02,2018-12-29 22:40:03,theory11 <support@theory11.com>,Your free spin | Holiday Contest at theory11 (#53252)
3207,2018-12-07 14:55:18,2018-12-07 06:55:19,theory11 <support@theory11.com>,Your free spin | Holiday Contest at theory11 (#b1bca)
3228,2019-01-01 08:15:02,2019-01-01 00:15:03,theory11 <support@theory11.com>,Your free spin | Holiday Contest at theory11 (#56024)
3229,2019-12-22 02:06:21,2019-12-21 18:06:21,theory11 <support@theory11.com>,Your free spin | Holiday Contest at theory11 (#150ed)
3285,2018-12-13 16:15:13,2018-12-13 08:15:14,theory11 <support@theory11.com>,Your free spin | Holiday Contest at theory11 (#2e353)
3335,2018-12-20 07:50:05,2018-12-19 23:50:05,theory11 <support@theory11.com>,Your free spin | Holiday Contest at theory11 (#017c7)
3338,2024-03-31 01:26:01,2024-03-30 18:26:02,theory11 <support@theory11.com>,Eleven of Spades Contest at theory11 - Free Entry
3357,2018-12-04 07:00:03,2018-12-03 23:00:04,theory11 <support@theory11.com>,Your free spin | Holiday Contest at theory11 (#a7d89)
3383,2018-12-18 04:22:10,2018-12-17 20:22:11,theory11 <support@theory11.com>,Your free spin | Holiday Contest at theory11 (#56382)
3395,2024-02-12 19:41:54,2024-02-12 11:41:56,theory11 <support@theory11.com>,Eleven of Spades Contest at theory11 - Free Entry
3407,2018-12-09 16:11:47,2018-12-09 08:11:48,theory11 <support@theory11.com>,Your free spin | Holiday Contest at theory11 (#93cd4)
3461,2024-03-17 17:23:30,2024-03-17 10:23:31,theory11 <support@theory11.com>,Eleven of Spades Contest at theory11 - Free Entry
3500,2024-03-03 17:39:02,2024-03-03 09:39:03,theory11 <support@theory11.com>,Eleven of Spades Contest at theory11 - Free Entry
3507,2018-12-26 18:51:32,2018-12-26 10:51:32,theory11 <support@theory11.com>,Your free spin | Holiday Contest at theory11 (#13a64)
3541,2018-12-27 19:13:03,2018-12-27 11:13:03,theory11 <support@theory11.com>,Your free spin | Holiday Contest at theory11 (#3792e)
3609,2018-12-08 16:10:04,2018-12-08 08:10:05,theory11 <support@theory11.com>,Your free spin | Holiday Contest at theory11 (#34896)
3612,2020-12-13 00:31:21,2020-12-12 16:31:22,theory11 <support@theory11.com>,Your free spin | Holiday Contest at theory11 (#afb35)
3642,2019-12-10 04:14:46,2019-12-09 20:14:46,theory11 <support@theory11.com>,Your free spin | Holiday Contest at theory11 (#cf9b3)
3666,2017-12-06 01:25:26,2017-12-05 17:25:05,theory11 <support@theory11.com>,Your free spin | Holiday Contest at theory11 (#fd8eb)
3670,2017-12-09 05:44:01,2017-12-08 21:46:16,theory11 <support@theory11.com>,Your free spin | Holiday Contest at theory11 (#3f05a)
3691,2019-12-17 21:46:32,2019-12-17 13:46:32,theory11 <support@theory11.com>,Your free spin | Holiday Contest at theory11 (#81284)
3695,2017-12-10 05:50:21,2017-12-09 21:50:23,theory11 <support@theory11.com>,Your free spin | Holiday Contest at theory11 (#cd73c)
3697,2017-12-20 06:52:45,2017-12-19 22:52:46,theory11 <support@theory11.com>,Your free spin | Holiday Contest at theory11 (#1a1eb)
3703,2017-12-04 00:08:20,2017-12-03 16:08:21,theory11 <support@theory11.com>,Your free spin | Holiday Contest at theory11 (#81da6)
3713,2017-12-29 05:51:54,2017-12-28 21:51:55,theory11 <support@theory11.com>,Your free spin | Holiday Contest at theory11 (#bc0c5)
3723,2017-12-07 05:15:02,2017-12-06 21:15:08,theory11 <support@theory11.com>,Your free spin | Holiday Contest at theory11 (#bca06)
3761,2017-12-21 06:50:47,2017-12-20 22:52:48,theory11 <support@theory11.com>,Your free spin | Holiday Contest at theory11 (#52438)
3772,2017-12-31 08:11:33,2017-12-31 00:11:34,theory11 <support@theory11.com>,Your free spin | Holiday Contest at theory11 (#b0832)
3773,2018-12-16 17:20:05,2018-12-16 09:20:05,theory11 <support@theory11.com>,Your free spin | Holiday Contest at theory11 (#a9ac7)
3780,2017-12-24 07:14:53,2017-12-23 23:14:56,theory11 <support@theory11.com>,Your free spin | Holiday Contest at theory11 (#2158e)
3803,2018-12-23 15:08:01,2018-12-23 07:08:02,theory11 <support@theory11.com>,Your free spin | Holiday Contest at theory11 (#95418)
3840,2017-12-22 07:00:48,2017-12-21 23:01:06,theory11 <support@theory11.com>,Your free spin | Holiday Contest at theory11 (#a4b13)
3860,2018-12-29 03:03:05,2018-12-28 19:03:10,theory11 <support@theory11.com>,Your free spin | Holiday Contest at theory11 (#e939e)
3920,2018-12-15 16:51:56,2018-12-15 08:51:57,theory11 <support@theory11.com>,Your free spin | Holiday Contest at theory11 (#68cbb)
3940,2025-01-11 02:10:51,2025-01-10 18:10:52,theory11 <support@theory11.com>,Holiday Contest at theory11 - Free Entry
3955,2020-12-06 07:04:53,2020-12-05 23:04:54,theory11 <support@theory11.com>,Your free spin | Holiday Contest at theory11 (#902ec)
3976,2017-12-12 23:06:54,2017-12-12 15:07:05,theory11 <support@theory11.com>,Your free spin | Holiday Contest at theory11 (#f7d9f)
4005,2017-12-11 16:41:09,2017-12-11 08:41:11,theory11 <support@theory11.com>,Your free spin | Holiday Contest at theory11 (#993d8)
4024,2017-12-26 07:33:06,2017-12-25 23:33:19,theory11 <support@theory11.com>,Your free spin | Holiday Contest at theory11 (#ebe7d)
4052,2017-12-15 09:03:33,2017-12-15 01:03:34,theory11 <support@theory11.com>,Your free spin | Holiday Contest at theory11 (#7b8e8)
4053,2017-12-02 09:15:42,2017-12-02 01:15:42,theory11 <support@theory11.com>,Your free spin | Holiday Contest at theory11 (#605e4)
4054,2017-12-05 00:08:21,2017-12-04 16:08:22,theory11 <support@theory11.com>,Your free spin | Holiday Contest at theory11 (#5f0fd)
4066,2017-12-16 09:10:15,2017-12-16 01:11:46,theory11 <support@theory11.com>,Your free spin | Holiday Contest at theory11 (#ca778)
4078,2018-12-25 16:51:07,2018-12-25 08:51:08,theory11 <support@theory11.com>,Your free spin | Holiday Contest at theory11 (#7541f)
4082,2017-12-28 05:48:46,2017-12-27 21:48:46,theory11 <support@theory11.com>,Your free spin | Holiday Contest at theory11 (#77f5e)
4142,2019-12-09 03:35:03,2019-12-08 19:35:14,theory11 <support@theory11.com>,Your free spin | Holiday Contest at theory11 (#1bd4b)
4227,2017-12-23 07:12:36,2017-12-22 23:12:37,theory11 <support@theory11.com>,Your free spin | Holiday Contest at theory11 (#40cd2)
4253,2017-12-19 05:44:39,2017-12-18 21:44:40,theory11 <support@theory11.com>,Your free spin | Holiday Contest at theory11 (#3158c)
4275,2016-12-28 08:11:18,2016-12-28 00:11:19,theory11 <support@theory11.com>,Your free spin | Holiday Contest at theory11 (#72508)
4307,2016-12-20 01:14:37,2016-12-19 17:14:42,theory11 <support@theory11.com>,Your free spin | Holiday Contest at theory11 (#101bf)
4317,2016-12-31 08:20:02,2016-12-31 00:20:02,theory11 <support@theory11.com>,Your free spin | Holiday Contest at theory11 (#30974)
4371,2016-12-21 05:35:01,2016-12-20 21:35:01,theory11 <support@theory11.com>,Your free spin | Holiday Contest at theory11 (#cad5b)
4387,2016-12-22 05:40:56,2016-12-21 21:40:56,theory11 <support@theory11.com>,Your free spin | Holiday Contest at theory11 (#6b9a0)
4420,2016-12-26 06:15:02,2016-12-25 22:15:02,theory11 <support@theory11.com>,Your free spin | Holiday Contest at theory11 (#04a4f)
4442,2016-12-25 06:15:02,2016-12-24 22:15:03,theory11 <support@theory11.com>,Your free spin | Holiday Contest at theory11 (#31236)
4458,2017-01-01 08:25:49,2017-01-01 00:25:49,theory11 <support@theory11.com>,Your free spin | Holiday Contest at theory11 (#57bb9)
4479,2016-12-27 08:11:13,2016-12-27 00:11:15,theory11 <support@theory11.com>,Your free spin | Holiday Contest at theory11 (#983d1)
4482,2018-12-24 18:48:54,2018-12-24 10:48:54,theory11 <support@theory11.com>,Your free spin | Holiday Contest at theory11 (#467e1)
4491,2016-12-19 01:13:17,2016-12-18 17:13:18,theory11 <support@theory11.com>,Your free spin | Holiday Contest at theory11 (#9be9a)
4500,2024-01-20 15:25:38,2024-01-20 07:25:41,theory11 <support@theory11.com>,Eleven of Spades Contest at theory11 - Free Entry
4502,2016-12-14 05:47:46,2016-12-13 21:47:46,theory11 <support@theory11.com>,Your free spin | Holiday Contest at theory11 (#2605d)
4565,2017-12-17 09:15:37,2017-12-17 01:15:38,theory11 <support@theory11.com>,Your free spin | Holiday Contest at theory11 (#448d4)
4573,2018-12-05 07:55:10,2018-12-04 23:55:10,theory11 <support@theory11.com>,Your free spin | Holiday Contest at theory11 (#5dc45)
4608,2016-12-09 00:20:02,2016-12-08 16:20:03,theory11 <support@theory11.com>,Your free spin | Holiday Contest at theory11 (#8d850)
4643,2016-12-11 00:58:49,2016-12-10 16:59:13,theory11 <support@theory11.com>,Your free spin | Holiday Contest at theory11 (#8db55)
4656,2016-12-17 20:00:36,2016-12-17 12:01:35,=?utf-8?Q?theory11?= <support@theory11.com>,=?utf-8?Q?Deck=20the=20halls=2C=20literally.=20theory11=20holiday=20contest=21?=
4755,2017-01-02 08:27:36,2017-01-02 00:27:28,theory11 <support@theory11.com>,Your free spin | Holiday Contest at theory11 (#f238e)
4780,2019-12-30 08:05:03,2019-12-30 00:05:04,theory11 <support@theory11.com>,Your free spin | Holiday Contest at theory11 (#df13e)
4799,2024-03-12 03:28:42,2024-03-11 20:28:43,theory11 <support@theory11.com>,Eleven of Spades Contest at theory11 - Free Entry
4800,2019-01-03 08:25:02,2019-01-03 00:25:03,theory11 <support@theory11.com>,Your free spin | Holiday Contest at theory11 (#5d383)
4801,2016-12-15 05:47:39,2016-12-14 21:48:03,theory11 <support@theory11.com>,Your free spin | Holiday Contest at theory11 (#4b9a4)
4860,2017-12-08 05:46:04,2017-12-07 21:46:05,theory11 <support@theory11.com>,Your free spin | Holiday Contest at theory11 (#50e82)
4887,2024-03-24 17:45:50,2024-03-24 10:45:51,theory11 <support@theory11.com>,Eleven of Spades Contest at theory11 - Free Entry
4898,2018-12-12 16:15:04,2018-12-12 08:15:05,theory11 <support@theory11.com>,Your free spin | Holiday Contest at theory11 (#fb4a9)
4910,2016-12-12 01:01:13,2016-12-11 17:01:13,theory11 <support@theory11.com>,Your free spin | Holiday Contest at theory11 (#b08bb)
4914,2019-12-21 03:10:10,2019-12-20 19:10:13,theory11 <support@theory11.com>,Your free spin | Holiday Contest at theory11 (#5f010)
4934,2015-12-16 20:29:29,2015-12-16 12:29:29,theory11 <support@theory11.com>,Your free spin | Holiday Contest at theory11 (#e6b53)
4959,2016-12-17 18:10:09,2016-12-17 10:10:03,theory11 <support@theory11.com>,Your free spin | Holiday Contest at theory11 (#ffa16)
4977,2015-12-07 23:37:22,2015-12-07 15:37:23,theory11 <support@theory11.com>,Your free spin | Holiday Contest at theory11 (#174b7)
5039,2015-12-22 02:11:41,2015-12-21 18:11:42,theory11 <support@theory11.com>,Your free spin | Holiday Contest at theory11 (#e2b1e)
5080,2015-12-26 06:34:40,2015-12-25 22:34:40,theory11 <support@theory11.com>,Your free spin | Holiday Contest at theory11 (#6afce)
5081,2015-12-29 07:10:36,2015-12-28 23:10:36,theory11 <support@theory11.com>,Your free spin | Holiday Contest at theory11 (#5dc73)
5091,2015-12-12 02:54:59,2015-12-11 18:55:00,theory11 <support@theory11.com>,Your free spin | Holiday Contest at theory11 (#16107)
5102,2018-12-21 07:50:02,2018-12-20 23:50:03,theory11 <support@theory11.com>,Your free spin | Holiday Contest at theory11 (#b6522)
5105,2015-12-14 14:20:52,2015-12-14 06:38:48,theory11 <support@theory11.com>,Your free spin | Holiday Contest at theory11 (#a3000)
5117,2016-12-29 08:15:59,2016-12-29 00:16:00,theory11 <support@theory11.com>,Your free spin | Holiday Contest at theory11 (#09644)
5126,2015-12-19 01:08:11,2015-12-18 17:08:11,theory11 <support@theory11.com>,Your free spin | Holiday Contest at theory11 (#4d673)
5147,2020-12-29 00:37:56,2020-12-28 16:37:58,theory11 <support@theory11.com>,Your free spin | Holiday Contest at theory11 (#05d66)
5158,2015-12-09 23:58:37,2015-12-09 15:58:37,theory11 <support@theory11.com>,Your free spin | Holiday Contest at theory11 (#c0d58)
5186,2015-12-06 20:55:28,2015-12-06 12:55:28,theory11 <support@theory11.com>,Your free spin | Holiday Contest at theory11 (#58b4e)
5188,2015-12-28 07:10:02,2015-12-27 23:10:02,theory11 <support@theory11.com>,Your free spin | Holiday Contest at theory11 (#6c4aa)
5197,2015-12-08 23:56:28,2015-12-08 15:56:28,theory11 <support@theory11.com>,Your free spin | Holiday Contest at theory11 (#6c982)
5240,2015-12-18 01:06:13,2015-12-17 17:06:14,theory11 <support@theory11.com>,Your free spin | Holiday Contest at theory11 (#814e2)
5244,2015-12-21 01:11:12,2015-12-20 17:11:12,theory11 <support@theory11.com>,Your free spin | Holiday Contest at theory11 (#f3c8d)
5249,2019-12-27 08:01:34,2019-12-27 00:01:47,theory11 <support@theory11.com>,Your free spin | Holiday Contest at theory11 (#36e51)
5258,2016-12-10 00:36:37,2016-12-09 16:36:38,theory11 <support@theory11.com>,Your free spin | Holiday Contest at theory11 (#042be)
5259,2020-12-25 00:37:36,2020-12-24 16:37:37,theory11 <support@theory11.com>,Your free spin | Holiday Contest at theory11 (#5cc6f)
5313,2017-12-25 07:15:21,2017-12-24 23:15:22,theory11 <support@theory11.com>,Your free spin | Holiday Contest at theory11 (#626c9)
5322,2015-12-30 07:10:38,2015-12-29 23:10:38,theory11 <support@theory11.com>,Your free spin | Holiday Contest at theory11 (#07720)
5332,2024-05-02 00:09:08,2024-05-01 17:09:59,theory11 <support@theory11.com>,Eleven of Spades Contest at theory11 - Free Entry
5372,2015-12-27 06:41:27,2015-12-26 22:41:28,theory11 <support@theory11.com>,Your free spin | Holiday Contest at theory11 (#1d77d)
5391,2020-12-20 00:35:15,2020-12-19 16:35:16,theory11 <support@theory11.com>,Your free spin | Holiday Contest at theory11 (#31d1b)
5464,2024-02-01 15:30:14,2024-02-01 07:30:16,theory11 <support@theory11.com>,Eleven of Spades Contest at theory11 - Free Entry
5483,2024-04-19 18:43:34,2024-04-19 11:43:41,theory11 <support@theory11.com>,Eleven of Spades Contest at theory11 - Free Entry
5487,2020-12-27 00:37:47,2020-12-26 16:37:48,theory11 <support@theory11.com>,Your free spin | Holiday Contest at theory11 (#bff6f)
5541,2024-01-21 15:49:19,2024-01-21 07:49:20,theory11 <support@theory11.com>,Eleven of Spades Contest at theory11 - Free Entry
5606,2019-12-31 08:05:04,2019-12-31 00:05:43,theory11 <support@theory11.com>,Your free spin | Holiday Contest at theory11 (#0c659)
5617,2015-12-31 07:10:37,2015-12-30 23:10:39,theory11 <support@theory11.com>,Your free spin | Holiday Contest at theory11 (#710ed)
5633,2016-12-24 05:40:32,2016-12-23 21:40:33,theory11 <support@theory11.com>,Your free spin | Holiday Contest at theory11 (#14f52)
5645,2024-03-05 18:44:04,2024-03-05 10:44:12,theory11 <support@theory11.com>,Eleven of Spades Contest at theory11 - Free Entry
5669,2025-01-15 06:46:03,2025-01-14 22:46:06,theory11 <support@theory11.com>,Holiday Contest at theory11 - Free Entry
5691,2015-12-15 15:04:51,2015-12-15 07:04:53,theory11 <support@theory11.com>,Your free spin | Holiday Contest at theory11 (#44d6f)
5729,2015-12-20 01:10:43,2015-12-19 17:10:44,theory11 <support@theory11.com>,Your free spin | Holiday Contest at theory11 (#5d6cf)
5830,2020-12-16 00:32:32,2020-12-15 16:32:34,theory11 <support@theory11.com>,Your free spin | Holiday Contest at theory11 (#bdbd3)
5844,2018-12-06 08:40:05,2018-12-06 00:40:06,theory11 <support@theory11.com>,Your free spin | Holiday Contest at theory11 (#b21a1)
5860,2016-12-13 05:47:10,2016-12-12 21:47:11,theory11 <support@theory11.com>,Your free spin | Holiday Contest at theory11 (#607d6)
5900,2016-12-28 21:43:53,2016-12-28 13:44:36,=?utf-8?Q?theory11?= <support@theory11.com>,=?utf-8?Q?72=20hours=20=2D=20theory11=20holiday=20contest=21?=
5919,2018-12-31 06:38:42,2018-12-30 22:38:43,theory11 <support@theory11.com>,Your free spin | Holiday Contest at theory11 (#4885d)
5941,2016-12-16 16:56:39,2016-12-16 08:56:40,theory11 <support@theory11.com>,Your free spin | Holiday Contest at theory11 (#00c33)
5967,2018-12-22 07:58:53,2018-12-21 23:58:53,theory11 <support@theory11.com>,Your free spin | Holiday Contest at theory11 (#0ce61)
5993,2025-01-12 06:05:29,2025-01-11 22:05:34,theory11 <support@theory11.com>,Holiday Contest at theory11 - Free Entry
6027,2025-01-23 15:08:13,2025-01-23 07:08:14,theory11 <support@theory11.com>,Holiday Contest at theory11 - Free Entry
6037,2015-12-11 00:02:46,2015-12-10 16:02:46,theory11 <support@theory11.com>,Your free spin | Holiday Contest at theory11 (#26899)
6050,2017-12-13 19:35:00,2017-12-13 11:35:01,theory11 <support@theory11.com>,Your free spin | Holiday Contest at theory11 (#6aec8)
6106,2019-12-12 19:31:49,2019-12-12 11:31:53,theory11 <support@theory11.com>,Your free spin | Holiday Contest at theory11 (#c8412)
6121,2015-12-13 03:10:36,2015-12-12 19:10:37,theory11 <support@theory11.com>,Your free spin | Holiday Contest at theory11 (#9edca)
6144,2025-01-02 23:30:14,2025-01-02 15:30:22,theory11 <support@theory11.com>,Holiday Contest at theory11 - Free Entry
6183,2017-12-01 21:48:02,2017-12-01 13:49:40,=?utf-8?Q?theory11?= <support@theory11.com>,=?utf-8?Q?Spin=20to=20Win=21=20The=20Holiday=20Contest=20is=20Live=20at=20theory11=21?=
6217,2024-02-28 06:39:32,2024-02-27 22:39:34,theory11 <support@theory11.com>,Eleven of Spades Contest at theory11 - Free Entry
6235,2020-12-18 00:32:34,2020-12-17 16:32:35,theory11 <support@theory11.com>,Your free spin | Holiday Contest at theory11 (#17c9c)
6243,2024-01-31 15:27:46,2024-01-31 07:27:47,theory11 <support@theory11.com>,Eleven of Spades Contest at theory11 - Free Entry
6291,2024-04-26 15:19:09,2024-04-26 08:19:25,theory11 <support@theory11.com>,Eleven of Spades Contest at theory11 - Free Entry
6292,2024-12-29 20:45:22,2024-12-29 12:45:23,theory11 <support@theory11.com>,Holiday Contest at theory11 - Free Entry
6295,2024-01-02 01:55:36,2024-01-01 17:55:38,theory11 <support@theory11.com>,Eleven of Spades Contest at theory11 - Free Entry
6304,2024-02-25 23:27:23,2024-02-25 15:27:25,theory11 <support@theory11.com>,Eleven of Spades Contest at theory11 - Free Entry
6327,2024-02-06 18:39:38,2024-02-06 10:39:44,theory11 <support@theory11.com>,Eleven of Spades Contest at theory11 - Free Entry
6328,2024-04-07 22:54:21,2024-04-07 15:54:22,theory11 <support@theory11.com>,Eleven of Spades Contest at theory11 - Free Entry
6335,2024-02-11 19:41:46,2024-02-11 11:41:47,theory11 <support@theory11.com>,Eleven of Spades Contest at theory11 - Free Entry
